id,title,link
1,Vaseegara,https://youtu.be/ew1fKCWb_M4?si=psXSHupFFjgXzFw1
2,Munbe Vaa,https://youtu.be/UPQZ4vuvW2s?si=tt1KZ_03H7hxCY6r
3,Kannathil Muthamittal,https://youtu.be/duTYL9BZRrk?si=DbHpXoNJ4Jxjkbzl
4,Enna Solla Pogirai,https://youtu.be/Gep0IzKTcFI?si=OyE5OMQurBFLovAm
5,Aalaporaan Thamizhan,https://youtu.be/xsbLtHql4g8?si=kpC585C9oubXu9hk
6,Nenjukkul Peidhidum,https://youtu.be/FzLpP8VBC6E?si=oADaq3ntZPnDkLgD
7,Rowdy Baby,https://youtu.be/x6Q7c9RyMzk?si=gKg37hYTuyytOLM4
8,Aaromale,https://youtu.be/q7OUFE3dw6E?si=VkxbwRK57mi3mOGv
9,Kadhal Rojave,https://youtu.be/hr0McVC_lCE?si=MPLmRYoPgUMIaDNJ
10,Why This Kolaveri Di,https://youtu.be/YR12Z8f1Dh8?si=XwFG7oQkkptlKTkA
11,Uyire,https://youtu.be/scEISjFAPFk?si=W-LLmsDuJygOIy1k
12,Mukkabla,https://youtu.be/PjT12Ce0Kw8?si=mbahQD2KhoB7LomW
13,Anbae Anbae,https://youtu.be/Vuxm2oXIEys?si=EL0QKt-aMNc2CEFt
14,Vennilave Vennilave,https://youtu.be/3TVvRETczto?si=maE-pHVurpGmqPie
15,Ooru Sanam,https://youtu.be/REzVhJ2ES_A?si=Qx77ZXsq3VImx3vR
16,Sundari,https://youtu.be/8KAo6770hwk?si=NP7o-es3edI8Mijr
17,Poongatrile,https://youtu.be/oY2Q4pVFQ3I?si=6rF-spNMskbqlmMD
18,Pachai Nirame,https://youtu.be/nuKXEb-K24Q?si=5VH7m5KceI01d4CJ
19,Malargale Malargale,https://youtu.be/jgEl6nnZB3s?si=blxqwXOOfVEo03bW
20,Snehithane,https://youtu.be/T8mYfvUPKtA?si=O_R4q_HYp5Wf1r_a
21,Evano Oruvan,https://youtu.be/Ol2oJlHjKsw?si=u7dWdk-Gm2VKhdqi
22,Aathichudi,https://youtu.be/YJlAUd_95Qk?si=43mEZKxcg2HQUb7L
23,Unakkena Iruppen,https://youtu.be/7xVcO182gsc?si=hpMhs-u3fDJjPZrH
24,Mundhinam Paarthene,https://youtu.be/93iK4wNij8E?si=FgFhFp0EP_d5G6ag
25,Ennavale Adi Ennavale,https://youtu.be/rZvhOxBWb0E?si=y25bVQkzXLnI70jF
